EmployeeNumber,Attrition,TotalWorkingYears,OverTime,MonthlyIncome,JobLevel,PerformanceRating,JobInvolvement
1,1,8,1,5993.0,2,3,3
2,0,10,0,5130.0,2,4,2
4,1,7,1,2090.0,1,3,2
5,0,8,1,2909.0,1,3,3
7,0,6,0,3468.0,1,3,3
8,0,8,0,3068.0,1,3,3
10,0,12,1,2670.0,1,4,4
11,0,1,0,2693.0,1,4,3
12,0,10,0,9526.0,3,4,2
13,0,17,0,5237.0,2,3,3
14,0,6,0,2426.0,1,3,4
15,0,10,1,4193.0,2,3,2
16,0,5,0,2911.0,1,3,3
18,0,3,0,2661.0,1,3,3
19,1,6,1,2028.0,1,3,2
20,0,10,0,9980.0,3,3,4
21,0,7,1,3298.0,1,3,4
22,0,1,1,2935.0,1,3,4
23,0,31,0,15427.0,4,3,2
24,0,6,1,3944.0,1,3,3
26,0,5,0,4011.0,2,3,4
27,1,10,0,3407.0,1,4,2
28,0,13,0,11994.0,3,3,3
30,0,0,0,1232.0,1,3,3
31,1,8,0,2960.0,1,3,3
32,0,26,0,19094.0,5,3,3
33,1,10,1,3919.0,1,4,1
35,0,10,0,6825.0,2,3,3
36,0,24,0,10248.0,3,3,2
38,0,22,0,18947.0,5,3,3
39,0,7,0,2496.0,1,3,3
40,0,9,1,6465.0,2,3,3
41,0,10,0,2206.0,1,3,2
42,1,19,0,2086.0,2,3,3
45,1,6,1,2293.0,1,3,3
46,0,6,0,2645.0,1,3,4
47,1,3,1,2683.0,1,3,2
49,0,2,0,2014.0,1,3,3
51,0,6,1,3419.0,1,3,2
52,0,10,0,5376.0,2,3,4
53,0,1,0,1951.0,1,3,3
54,0,1,0,2341.0,1,3,3
55,1,1,0,2293.0,1,3,1
56,0,9,0,8726.0,3,3,3
57,0,12,0,4011.0,2,4,3
58,1,23,0,19545.0,5,3,3
60,0,10,0,4568.0,2,4,3
61,0,8,0,3022.0,1,4,3
62,0,14,1,5772.0,2,4,3
63,0,1,0,2269.0,1,3,4
64,1,23,1,5381.0,3,3,2
65,1,2,1,3441.0,1,3,3
68,0,9,1,5454.0,2,4,3
70,0,10,1,9884.0,3,3,2
72,0,5,1,4157.0,2,3,2
73,0,15,1,13458.0,3,3,3
74,0,9,0,9069.0,3,4,3
75,0,4,1,4014.0,1,3,3
76,0,10,0,5915.0,2,4,3
77,0,7,0,5993.0,2,3,2
78,0,9,1,6162.0,2,4,3
79,0,10,0,2406.0,2,3,3
80,0,29,1,18740.0,5,3,2
81,0,28,0,7637.0,3,3,3
83,0,17,0,10096.0,3,3,3
84,0,21,1,14756.0,4,3,3
85,0,6,0,6499.0,2,3,2
86,0,25,0,9724.0,3,3,3
88,0,5,0,2194.0,1,3,3
90,1,2,1,3388.0,1,3,2
91,0,20,0,5473.0,2,3,2
94,0,6,0,2703.0,1,4,3
95,0,1,0,2501.0,1,3,3
96,0,10,0,6220.0,2,3,3
97,0,5,0,3038.0,1,3,4
98,0,11,0,4424.0,2,4,3
100,0,16,0,4312.0,2,3,2
101,0,17,1,13245.0,3,3,3
102,0,16,0,13664.0,3,3,3
103,0,16,1,5021.0,2,4,3
104,0,10,1,5126.0,2,3,2
105,0,6,0,2859.0,1,3,2
106,0,24,0,10239.0,3,3,3
107,0,17,1,5329.0,2,3,1
110,0,5,0,4325.0,2,3,3
112,0,37,0,7260.0,3,3,1
113,0,3,0,2322.0,1,3,3
116,0,10,0,2075.0,1,4,3
117,0,11,0,4152.0,2,3,2
118,1,9,0,9619.0,3,3,2
119,0,22,0,13503.0,4,4,2
120,0,11,1,5441.0,2,4,3
121,0,11,1,5209.0,2,3,2
124,0,21,1,10673.0,3,3,2
125,0,12,0,5010.0,2,3,3
126,0,16,0,13549.0,3,3,3
128,0,4,0,4999.0,2,4,3
129,0,5,0,4221.0,2,3,3
131,0,38,0,13872.0,4,3,3
132,0,17,0,2042.0,2,3,3
133,1,7,1,2073.0,1,4,3
134,0,1,0,2956.0,1,3,3
137,1,1,1,2926.0,1,3,2
138,0,16,0,4809.0,2,3,3
139,0,17,0,5163.0,2,3,2
140,0,30,0,18844.0,5,4,2
141,0,28,1,18172.0,5,3,3
142,1,6,1,5744.0,2,3,2
143,0,2,0,2889.0,1,3,2
144,0,1,0,2871.0,1,3,3
145,0,23,0,7484.0,3,4,2
147,1,9,1,6074.0,2,4,1
148,0,23,1,17328.0,4,3,4
150,0,6,0,2774.0,1,3,3
151,0,12,0,4505.0,2,3,2
152,0,12,0,7428.0,3,3,3
153,0,14,0,11631.0,3,3,2
154,0,10,0,9738.0,3,3,3
155,0,7,0,2835.0,1,4,3
158,0,25,1,16959.0,4,3,3
159,0,10,0,2613.0,1,4,1
160,0,8,0,6146.0,2,3,3
161,1,7,1,4963.0,1,3,3
162,0,23,0,19537.0,5,3,3
163,1,12,1,6172.0,2,3,1
164,0,5,0,2368.0,1,3,2
165,1,40,0,10312.0,3,3,3
167,1,0,1,1675.0,1,3,3
169,0,3,0,2523.0,1,3,3
170,0,16,0,6567.0,2,3,3
171,0,18,0,4739.0,1,3,4
174,0,16,0,9208.0,3,3,3
175,1,4,1,4559.0,2,3,1
176,0,12,1,8189.0,3,3,3
177,0,8,0,2942.0,1,4,3
178,0,7,0,4941.0,2,4,3
179,1,18,0,10650.0,3,3,1
182,0,17,0,5902.0,2,3,2
183,0,6,0,8639.0,2,3,2
184,0,12,1,6347.0,2,3,3
190,1,10,0,4200.0,1,4,3
192,0,9,0,3452.0,1,3,3
193,0,19,1,4317.0,2,4,3
194,0,5,0,2632.0,1,3,3
195,0,9,0,4668.0,2,3,1
197,0,8,0,3204.0,1,3,3
198,0,6,0,2720.0,1,3,2
199,0,21,0,17181.0,4,3,2
200,0,7,0,2238.0,1,4,3
201,0,1,0,1483.0,1,3,3
202,0,20,0,5605.0,2,3,3
204,0,10,0,7295.0,3,3,3
205,0,13,1,2306.0,2,4,3
206,0,20,0,2348.0,2,3,3
207,0,9,0,8998.0,3,3,3
208,0,10,0,4319.0,2,3,3
211,0,10,0,6132.0,2,3,2
214,0,9,1,3346.0,1,4,2
215,0,15,0,10855.0,3,3,2
216,0,6,0,2231.0,1,3,3
217,0,2,0,2323.0,1,4,3
218,0,6,0,2024.0,1,3,3
221,0,5,0,2713.0,1,3,3
223,0,12,1,9439.0,3,3,4
224,0,1,1,2566.0,1,3,2
226,0,21,0,19926.0,5,3,3
227,0,13,0,2451.0,1,3,3
228,0,12,0,9419.0,3,3,3
230,0,12,0,8686.0,2,4,2
231,0,8,0,3038.0,1,4,3
233,0,6,1,3058.0,1,3,3
235,1,1,0,2325.0,1,4,1
238,0,13,0,2088.0,1,3,3
239,0,12,0,3072.0,2,3,3
240,0,9,1,5006.0,2,3,3
241,0,19,1,4257.0,1,3,3
242,0,4,0,2500.0,1,3,3
243,1,1,0,1102.0,1,4,2
244,0,24,0,10453.0,3,4,3
245,0,2,0,2288.0,1,3,3
246,0,7,1,3929.0,1,4,3
247,0,9,0,2311.0,1,3,3
248,1,4,1,3140.0,1,4,3
249,0,5,0,3690.0,1,3,2
250,0,5,0,4450.0,2,3,4
252,0,8,0,2756.0,1,3,3
253,0,21,0,19033.0,5,3,3
254,0,36,0,18722.0,5,3,4
256,0,10,0,9547.0,2,3,2
258,0,21,0,13734.0,4,3,3
259,0,34,0,19999.0,5,3,2
260,0,7,0,2279.0,1,3,3
261,1,8,1,5916.0,2,3,2
262,0,7,0,2089.0,1,3,4
264,0,22,0,16792.0,4,4,2
267,0,8,1,3564.0,1,3,4
269,0,10,0,4425.0,2,3,3
270,0,11,0,5265.0,2,3,3
271,0,14,0,6553.0,2,3,3
273,0,9,0,6261.0,2,3,3
274,0,6,0,4298.0,2,3,2
275,0,7,1,6804.0,2,3,3
277,0,5,1,3815.0,1,3,3
281,0,15,1,2741.0,2,3,3
282,1,17,1,6673.0,2,3,3
283,1,10,0,7639.0,3,4,3
284,0,4,1,2328.0,1,3,4
286,0,8,0,2153.0,1,3,3
287,0,5,0,4876.0,2,3,2
288,0,17,0,9396.0,3,3,3
291,1,14,0,10400.0,3,3,1
292,0,12,0,8474.0,3,4,2
293,0,7,0,9981.0,2,3,3
296,0,16,0,12490.0,3,3,2
297,1,8,1,2657.0,1,3,3
298,0,16,1,13591.0,3,3,3
299,1,9,0,6696.0,2,3,2
300,1,7,0,2058.0,1,3,3
302,0,23,0,8865.0,3,3,2
303,0,16,0,5940.0,2,3,3
304,0,16,0,5914.0,2,3,3
305,0,7,0,2622.0,1,4,2
306,0,10,1,12185.0,3,3,3
307,0,17,0,10609.0,3,3,3
308,0,6,0,4345.0,2,3,1
309,0,7,0,2177.0,1,3,2
311,0,13,0,2793.0,1,3,3
312,0,11,0,7918.0,3,3,3
314,0,10,0,8789.0,3,3,3
315,1,4,1,2389.0,1,3,2
316,0,6,0,3212.0,1,3,2
319,0,22,0,19232.0,5,3,3
321,0,7,0,2267.0,1,3,3
323,0,32,0,19517.0,5,3,3
325,1,8,1,2436.0,1,3,3
327,0,22,1,16064.0,4,4,3
328,1,13,0,2707.0,1,4,3
329,0,33,1,19068.0,5,3,2
330,0,6,0,3931.0,1,3,3
331,1,4,1,3730.0,1,3,2
332,0,7,0,2232.0,1,3,3
333,0,4,0,4465.0,2,3,3
334,0,17,0,3072.0,2,3,3
335,0,9,0,3319.0,2,3,3
336,0,25,0,19202.0,5,3,4
337,0,9,0,13675.0,3,3,3
338,0,2,0,2911.0,1,3,2
339,0,13,0,5957.0,2,3,2
340,0,17,0,3920.0,1,3,2
341,0,9,0,6434.0,2,3,4
342,1,17,0,10048.0,3,3,3
343,0,20,0,10938.0,3,4,3
346,0,6,0,2340.0,1,3,3
347,0,10,1,6545.0,2,3,4
349,0,10,0,6931.0,2,3,3
350,0,5,0,4898.0,2,3,3
351,0,10,1,2593.0,1,3,2
352,0,22,0,19436.0,5,3,3
353,0,1,0,2723.0,1,3,3
355,1,6,0,3479.0,1,3,2
359,0,5,0,2794.0,1,4,4
361,0,13,0,5249.0,2,3,2
362,0,9,0,2176.0,2,3,2
363,0,28,1,16872.0,4,3,1
364,1,5,0,3485.0,1,3,3
366,0,10,0,6644.0,2,3,2
367,0,10,0,5582.0,2,4,2
369,0,6,0,4000.0,2,3,4
372,0,21,1,13496.0,4,3,3
373,0,16,0,3210.0,1,3,3
374,0,37,1,19045.0,5,3,3
376,1,10,1,11849.0,3,3,3
377,0,5,0,2070.0,1,4,3
378,0,7,0,6502.0,2,3,3
379,0,3,0,3230.0,1,3,2
380,0,15,1,13603.0,3,3,3
381,0,10,0,11996.0,3,3,4
382,0,8,1,5605.0,2,4,4
384,0,6,0,6397.0,2,4,3
385,0,28,0,19144.0,5,3,3
386,0,21,1,17584.0,4,3,3
387,0,20,0,4907.0,2,4,3
388,0,10,0,4554.0,2,3,3
389,0,12,1,5415.0,2,3,3
390,0,5,1,4741.0,2,3,3
391,0,17,0,2115.0,1,3,3
392,1,19,1,3161.0,1,4,3
393,0,10,0,5745.0,2,3,3
394,1,5,1,2373.0,1,3,3
395,0,5,0,3310.0,1,4,3
396,0,22,1,18665.0,5,3,3
397,0,10,0,4485.0,2,3,3
399,0,2,0,2789.0,1,3,3
401,1,8,1,5828.0,2,3,2
403,0,4,1,2326.0,1,3,3
404,0,23,0,13525.0,4,3,3
405,1,0,0,1420.0,1,3,3
406,0,12,0,8020.0,3,3,3
407,0,4,0,3688.0,1,3,4
408,0,13,0,5482.0,2,3,1
410,0,22,0,16015.0,4,3,3
411,0,0,0,1200.0,1,3,2
412,0,9,0,5661.0,2,3,4
416,0,10,0,6929.0,2,3,4
417,0,19,0,9613.0,3,3,4
419,0,11,0,5674.0,2,3,3
420,0,13,0,5484.0,2,3,2
421,0,19,0,12061.0,3,3,2
422,0,12,1,5660.0,2,3,1
423,0,6,1,4821.0,1,3,3
424,0,9,0,6410.0,2,3,2
425,0,24,0,5210.0,3,3,3
426,0,3,1,2695.0,1,3,3
428,0,12,0,11878.0,3,3,3
429,0,21,1,17068.0,4,3,3
430,0,9,0,2455.0,1,3,3
431,0,25,1,13964.0,4,3,2
433,1,11,0,4941.0,2,3,2
434,0,4,1,2478.0,1,3,3
436,0,13,1,5228.0,2,3,2
437,0,5,1,4478.0,2,3,3
438,0,13,0,7547.0,2,3,3
439,0,10,0,5055.0,2,3,4
440,1,5,1,3464.0,1,3,1
441,0,11,0,5775.0,2,3,3
442,0,10,0,8943.0,3,4,2
444,0,21,0,19272.0,5,3,2
445,1,12,1,5238.0,2,3,3
446,0,9,0,4682.0,2,3,2
447,0,21,0,18300.0,5,3,3
448,0,9,0,5257.0,2,3,2
449,0,6,1,6349.0,2,3,3
450,0,20,0,4869.0,2,3,3
451,0,10,0,9985.0,3,3,3
452,0,12,0,3697.0,2,3,3
453,0,6,1,7457.0,2,4,1
454,1,7,1,2119.0,1,3,1
455,0,4,0,3983.0,1,3,2
456,0,10,0,6118.0,2,3,2
458,0,8,0,6214.0,2,3,3
460,0,8,0,6347.0,2,3,3
461,0,12,1,11510.0,3,3,2
462,0,11,1,7143.0,3,3,3
463,0,7,1,8268.0,2,3,2
464,0,17,0,8095.0,3,3,3
465,0,4,0,2904.0,1,3,3
466,0,8,1,6032.0,2,3,2
467,0,5,0,2976.0,2,3,3
468,0,16,0,15992.0,4,3,3
469,0,4,0,4649.0,2,3,3
470,0,4,1,2696.0,1,3,3
471,0,8,0,2370.0,1,3,3
473,0,15,0,12504.0,3,4,3
474,0,13,1,5974.0,2,3,4
475,0,4,1,4736.0,2,3,3
476,0,8,0,5296.0,2,3,3
477,0,14,0,6781.0,2,4,2
478,1,3,1,2174.0,1,3,2
479,0,7,0,6653.0,2,3,3
481,0,16,0,9699.0,3,3,2
482,0,15,0,6755.0,2,3,3
483,0,10,1,2213.0,1,3,4
484,0,3,0,2610.0,1,4,3
485,1,1,1,2851.0,1,3,3
486,0,17,0,3452.0,1,4,3
487,0,7,0,5258.0,2,3,3
488,1,8,0,9355.0,2,3,3
491,0,20,0,10496.0,3,3,2
492,1,8,1,6380.0,2,3,2
493,0,3,1,2657.0,1,3,2
494,1,1,0,2716.0,1,3,4
495,0,6,0,2201.0,1,3,3
496,0,10,0,6540.0,2,3,2
497,0,5,0,3816.0,1,3,3
498,0,7,0,5253.0,2,3,3
499,0,26,0,10965.0,3,4,2
500,0,18,0,4936.0,2,3,3
501,0,6,0,2543.0,1,3,3
502,1,9,1,5304.0,2,3,4
505,0,30,1,16659.0,4,3,3
507,0,5,1,4260.0,2,3,3
508,0,1,0,2476.0,1,3,3
510,1,7,0,3102.0,1,4,3
511,0,2,0,2244.0,1,3,3
513,0,10,0,7596.0,3,3,2
514,1,3,1,2285.0,1,4,3
515,0,18,0,3034.0,1,3,3
516,0,8,0,5715.0,2,3,3
517,0,8,0,2576.0,1,3,3
518,0,18,1,4197.0,2,3,3
520,0,25,0,14336.0,4,3,2
521,0,20,0,3448.0,2,4,2
522,0,24,0,19406.0,5,3,3
523,0,6,0,6538.0,2,3,3
524,0,13,0,4306.0,2,3,3
525,0,8,0,2258.0,1,4,3
526,0,8,1,4522.0,2,3,3
527,0,5,1,4487.0,2,3,2
529,0,15,1,4449.0,2,3,3
530,0,4,0,2218.0,1,3,2
531,0,21,1,19197.0,5,3,3
532,0,36,0,13212.0,4,3,4
533,0,6,0,6577.0,2,3,3
534,0,10,0,8392.0,3,3,4
536,0,10,0,4558.0,2,3,3
538,1,6,0,4031.0,1,3,3
543,0,28,1,7969.0,3,3,2
544,0,8,0,2654.0,1,4,3
546,0,31,0,16555.0,4,3,3
547,0,19,0,4556.0,2,3,3
548,0,11,0,6091.0,2,4,1
549,0,33,0,19566.0,5,3,3
550,0,19,0,4810.0,2,3,3
551,0,7,0,4523.0,2,3,2
554,1,6,1,3202.0,1,3,3
555,1,3,0,2351.0,1,3,1
556,0,1,1,1702.0,1,4,3
558,0,21,0,18041.0,5,3,3
560,0,3,0,2886.0,1,4,3
562,0,9,0,2097.0,1,3,3
564,0,10,0,11935.0,3,3,2
565,1,6,0,2546.0,1,3,2
566,1,1,0,2564.0,1,3,2
567,0,10,0,8412.0,3,3,3
568,0,32,0,14118.0,4,3,2
569,0,28,0,17046.0,4,3,2
571,0,12,0,2564.0,1,3,3
573,0,22,0,10266.0,3,3,2
574,0,20,0,5070.0,2,3,3
575,0,26,0,17861.0,4,3,3
577,0,6,0,4230.0,1,3,1
578,0,19,0,3780.0,2,3,3
579,0,14,0,2768.0,1,3,2
580,0,15,1,9071.0,3,3,2
581,0,13,0,10648.0,3,4,3
582,1,15,1,13610.0,3,3,3
584,1,8,0,3408.0,1,3,1
585,0,4,0,2983.0,1,3,3
586,0,10,1,7632.0,3,3,3
587,1,12,0,9824.0,3,3,3
590,1,11,1,9950.0,3,3,3
591,0,8,0,2093.0,1,3,3
592,0,10,0,9980.0,3,3,3
593,1,4,0,3894.0,1,3,2
595,0,14,0,4051.0,2,3,3
597,0,37,0,16835.0,4,4,3
599,0,16,0,6230.0,2,3,3
600,0,15,0,4717.0,2,3,3
601,0,22,0,13237.0,4,3,3
602,0,8,0,3755.0,1,3,3
604,0,10,1,6582.0,2,3,3
605,0,10,1,7406.0,3,4,3
606,0,9,0,4805.0,2,3,3
608,1,8,1,2741.0,1,3,3
611,0,8,0,4262.0,2,3,3
612,0,10,0,16184.0,4,3,4
613,0,10,0,11557.0,3,4,2
614,1,0,1,1878.0,1,3,3
615,0,20,0,10932.0,3,3,1
616,0,10,1,6811.0,2,3,2
618,0,8,0,4306.0,2,3,3
620,0,5,0,4859.0,2,3,3
621,0,10,0,5337.0,2,3,4
622,1,1,1,2340.0,1,3,1
623,0,12,0,7491.0,3,3,3
624,0,28,0,10527.0,3,3,3
625,0,22,0,16595.0,4,3,3
626,0,9,0,8834.0,3,3,3
630,0,18,1,5577.0,2,3,3
631,1,6,0,4707.0,2,3,4
632,0,3,0,2400.0,1,3,3
634,0,18,0,9824.0,2,3,3
635,0,8,0,6447.0,2,3,3
638,0,31,1,19502.0,5,3,2
639,0,6,1,2725.0,1,3,4
641,0,6,0,6272.0,2,4,3
643,0,1,0,2127.0,1,4,2
644,0,32,0,18200.0,5,3,3
645,0,7,0,2096.0,1,3,3
647,1,6,1,2886.0,1,3,3
648,1,1,0,2033.0,1,3,2
649,0,6,1,3622.0,1,3,2
650,1,9,0,4233.0,2,3,3
652,0,9,0,3681.0,2,3,2
653,0,13,0,5460.0,2,4,4
655,0,6,0,2187.0,1,3,2
656,0,17,1,9602.0,2,3,3
657,0,1,0,2836.0,1,3,2
659,0,10,0,4089.0,2,3,3
661,0,21,1,16627.0,4,3,2
662,0,8,0,2619.0,1,3,3
663,0,10,1,5679.0,2,3,3
664,0,21,0,15402.0,4,3,2
665,0,10,0,5985.0,2,3,2
666,0,8,1,2579.0,1,3,3
667,1,5,0,3041.0,1,3,3
669,0,3,0,3447.0,1,3,3
671,0,26,1,19513.0,5,3,3
675,0,3,0,2773.0,1,4,3
677,0,6,0,7104.0,2,3,3
679,0,6,1,6322.0,2,3,3
680,0,1,0,2083.0,1,4,3
682,0,18,0,8381.0,2,4,3
683,0,10,0,2691.0,1,3,3
684,1,5,0,4286.0,2,3,3
686,0,3,1,2659.0,1,3,3
689,0,10,0,9434.0,3,3,3
690,0,6,0,5561.0,2,3,3
691,0,17,0,6646.0,2,3,1
692,0,15,0,7725.0,2,4,3
698,0,16,0,10725.0,3,3,3
699,0,13,1,8847.0,2,3,2
700,0,5,0,2045.0,1,3,2
701,1,1,1,1009.0,1,3,3
702,1,10,1,3348.0,1,3,3
704,0,1,0,1281.0,1,3,2
705,0,5,0,2819.0,1,3,4
707,0,4,0,4851.0,2,4,4
709,0,8,0,4028.0,2,4,2
710,0,10,0,2720.0,1,3,1
712,0,12,0,8120.0,2,3,4
714,0,6,1,4647.0,2,4,4
715,0,4,0,4680.0,1,3,4
716,0,20,1,3221.0,1,3,4
717,0,9,0,8621.0,3,3,2
720,1,4,0,4577.0,2,3,3
721,0,20,0,4553.0,2,3,2
722,0,10,0,5396.0,2,3,3
723,1,18,1,6796.0,2,3,3
724,0,10,0,7625.0,2,3,4
725,0,9,0,7412.0,3,3,3
727,0,10,0,11159.0,3,3,3
728,0,20,0,4960.0,2,3,3
729,0,20,1,10475.0,3,4,2
730,0,32,0,14814.0,4,3,4
731,0,23,0,19141.0,5,3,2
732,0,10,0,5405.0,2,3,3
733,0,9,0,8793.0,3,4,3
734,0,22,0,19189.0,5,3,2
738,0,4,0,3875.0,1,3,3
741,1,10,1,2216.0,1,3,1
742,0,10,0,11713.0,3,3,4
743,0,10,1,7861.0,3,3,3
744,0,9,0,3708.0,1,3,1
746,0,28,1,13770.0,4,3,3
747,0,10,0,5304.0,2,4,3
749,0,1,0,2642.0,1,3,3
752,1,7,1,2759.0,1,3,4
754,0,7,0,6804.0,2,3,2
757,0,10,0,6142.0,2,3,3
758,0,5,0,2500.0,1,3,3
760,0,12,0,6389.0,2,3,4
762,0,30,0,11103.0,4,3,3
763,0,5,1,2342.0,1,4,2
764,0,9,0,6811.0,2,3,2
766,0,2,0,2297.0,1,3,3
769,0,19,0,2450.0,2,3,3
771,0,16,0,5093.0,2,3,3
772,0,10,0,5309.0,2,3,3
773,0,6,1,3057.0,1,3,3
775,0,7,0,5121.0,2,3,3
776,0,34,0,16856.0,4,3,2
780,1,10,1,2686.0,1,3,3
781,0,6,0,6180.0,2,4,3
783,0,9,0,6632.0,2,3,1
784,0,2,0,3505.0,1,3,4
785,1,8,1,6397.0,2,3,4
786,0,6,0,6274.0,2,4,3
787,1,24,1,19859.0,5,3,3
789,0,10,0,7587.0,3,3,2
791,0,5,0,4258.0,1,3,3
792,0,5,0,4364.0,1,3,1
793,0,11,0,4335.0,2,3,3
796,1,6,0,5326.0,2,3,2
797,0,10,0,3280.0,1,3,4
799,0,9,1,5485.0,2,3,3
800,0,5,0,4342.0,2,3,3
802,0,6,1,2782.0,1,3,3
803,0,17,1,5980.0,2,3,4
804,0,6,0,4381.0,1,3,2
805,0,3,0,2572.0,1,3,3
806,0,7,0,3833.0,1,4,1
807,0,8,0,4244.0,2,4,4
808,0,6,0,6500.0,2,3,3
809,0,24,0,18430.0,5,3,3
811,1,1,1,1601.0,1,4,4
812,0,1,0,2694.0,1,3,2
813,0,9,0,3149.0,2,4,3
815,0,30,0,17639.0,4,3,3
816,1,1,1,2319.0,1,3,2
817,0,14,0,11691.0,3,3,3
819,1,6,0,5324.0,2,3,3
820,0,26,1,16752.0,4,3,3
823,0,10,0,5228.0,2,3,3
824,0,10,0,2700.0,1,4,4
825,1,40,1,19246.0,5,3,3
826,0,7,0,2506.0,1,3,4
827,0,8,1,6062.0,2,3,2
828,1,5,0,4382.0,1,3,3
829,0,8,0,2143.0,1,3,3
830,0,14,0,6162.0,2,3,2
832,0,10,0,5094.0,2,3,2
833,0,12,1,6877.0,2,4,2
834,0,1,0,2274.0,1,3,2
836,0,10,0,4434.0,2,3,3
837,0,13,0,6288.0,2,3,2
838,0,6,0,2553.0,1,3,2
840,1,9,0,7654.0,3,3,3
842,1,12,0,5160.0,2,3,3
843,0,22,0,17159.0,4,4,3
844,0,9,1,12808.0,3,3,2
845,0,17,0,10221.0,3,4,3
846,0,8,1,4779.0,2,4,3
847,0,4,0,3737.0,1,3,3
848,1,8,1,2366.0,1,3,2
850,0,0,0,1706.0,1,3,3
851,0,29,0,16307.0,4,3,3
852,0,10,0,5933.0,2,3,3
854,0,6,0,3424.0,1,3,4
855,0,9,0,4037.0,2,4,4
856,0,6,0,2559.0,1,3,2
857,0,18,1,6201.0,2,3,3
859,0,8,0,4403.0,2,3,3
861,0,10,0,3761.0,1,3,2
862,0,35,1,10934.0,3,3,2
864,0,18,1,10761.0,3,3,3
865,0,9,0,5175.0,2,3,4
867,0,31,0,13826.0,4,4,2
868,0,9,0,6334.0,2,3,2
869,0,6,0,4936.0,1,3,2
872,0,4,0,4775.0,2,4,2
874,0,10,1,2818.0,1,4,4
875,0,8,1,2515.0,1,3,3
878,0,6,0,2342.0,1,4,2
879,0,5,1,4194.0,2,3,3
880,0,17,1,10685.0,3,4,2
881,1,10,1,2022.0,1,3,3
882,0,4,0,2314.0,1,3,3
885,0,5,0,4256.0,2,3,2
887,0,7,0,3580.0,1,3,3
888,0,6,0,3162.0,1,3,2
889,0,10,0,6524.0,2,3,3
893,0,3,0,2899.0,1,3,2
894,0,17,1,5231.0,2,3,4
895,0,8,1,2356.0,1,3,3
896,1,5,1,2800.0,1,3,2
897,0,28,0,11836.0,4,3,3
899,0,16,0,10903.0,3,3,2
900,0,10,0,2973.0,1,3,3
901,0,33,0,14275.0,4,3,3
902,0,12,0,5562.0,2,3,3
903,0,8,1,4537.0,2,4,3
904,0,10,1,7642.0,3,3,3
905,0,31,0,17924.0,4,3,3
909,0,13,0,5204.0,2,3,2
910,0,7,1,2277.0,1,3,3
911,1,1,1,2795.0,1,4,3
912,0,8,0,2532.0,1,3,2
913,0,8,1,2559.0,1,3,3
916,0,4,0,4908.0,2,3,3
918,1,3,1,2380.0,1,3,2
920,0,4,0,4765.0,2,4,3
922,1,2,0,2044.0,1,3,2
923,1,1,0,2693.0,1,3,3
924,0,17,1,6586.0,2,3,3
925,0,3,1,3294.0,1,3,2
926,1,4,1,4171.0,2,3,3
927,1,10,1,2778.0,1,3,1
930,0,6,0,2377.0,1,3,3
932,1,8,1,2404.0,1,4,3
933,0,1,0,2318.0,1,3,3
934,0,1,0,2008.0,1,3,3
936,0,10,0,6244.0,2,3,2
939,0,6,1,2799.0,1,3,2
940,0,24,1,10552.0,3,3,2
941,0,13,0,2329.0,1,3,2
942,0,10,1,4014.0,2,4,3
944,0,29,0,7403.0,3,3,3
945,0,13,0,2259.0,1,3,3
947,0,9,0,6932.0,2,3,3
949,0,8,0,4678.0,1,3,3
950,0,15,0,13582.0,3,3,3
951,0,5,0,2332.0,1,4,2
952,1,1,1,2413.0,1,3,2
954,0,11,0,9705.0,3,3,2
956,0,7,0,4294.0,2,3,2
957,0,20,1,4721.0,1,3,3
958,0,16,0,2519.0,1,4,3
959,1,1,1,2121.0,1,3,2
960,1,1,0,2973.0,1,3,3
961,0,10,1,5855.0,2,3,3
964,0,3,1,3617.0,1,3,3
966,0,8,0,6725.0,2,3,3
967,1,16,1,10325.0,3,3,2
969,0,6,0,6949.0,2,3,2
970,1,17,0,10609.0,3,3,2
972,0,9,0,4447.0,2,3,3
974,0,3,0,2157.0,1,3,3
975,0,5,0,4601.0,2,3,3
976,0,26,0,17099.0,4,3,3
977,1,7,0,2479.0,1,4,3
981,0,22,0,14852.0,4,3,3
982,0,10,0,7264.0,3,3,3
983,0,6,1,5666.0,2,3,3
984,0,12,0,7823.0,3,3,3
985,0,9,0,7880.0,3,3,4
986,1,22,1,13194.0,4,3,4
987,0,20,1,5067.0,2,3,4
990,0,12,0,5079.0,2,3,3
991,1,4,1,2321.0,1,4,2
992,0,10,0,17444.0,4,3,3
994,1,3,1,2404.0,1,4,2
995,0,5,0,3452.0,1,3,3
996,0,8,0,2270.0,1,3,3
997,0,32,0,17399.0,4,4,3
998,0,6,1,5488.0,2,3,4
999,0,21,0,19419.0,5,3,3
1001,0,4,0,2811.0,1,3,3
1002,0,9,1,3633.0,2,3,3
1003,0,9,1,4163.0,2,3,3
1004,1,7,1,2132.0,1,3,3
1005,0,22,1,13973.0,4,3,3
1006,0,3,0,2684.0,1,3,3
1007,0,13,0,10845.0,3,3,3
1009,0,5,0,4377.0,2,3,2
1010,1,5,1,3743.0,1,4,2
1011,0,4,0,4148.0,2,3,3
1012,0,0,0,1051.0,1,3,3
1013,0,22,0,10739.0,3,3,3
1014,0,16,1,10388.0,3,3,3
1015,0,9,1,11416.0,3,3,4
1016,1,1,1,2600.0,1,3,2
1017,1,4,0,2422.0,1,3,3
1018,0,8,0,5472.0,2,3,4
1019,0,4,0,2451.0,1,3,1
1022,0,19,0,4240.0,2,3,2
1024,0,27,0,10999.0,3,3,2
1025,0,8,0,5003.0,2,3,3
1026,0,21,0,12742.0,4,3,2
1027,0,4,0,4227.0,2,3,3
1028,0,3,0,3917.0,1,4,3
1029,0,21,0,18303.0,5,3,3
1030,0,8,0,2380.0,1,3,3
1032,0,30,1,13726.0,4,3,2
1033,1,15,0,4777.0,2,3,1
1034,0,17,1,6385.0,2,3,3
1035,0,21,0,19973.0,5,4,1
1036,0,19,1,6861.0,2,3,3
1037,1,7,0,4969.0,2,3,1
1038,1,33,0,19845.0,5,3,1
1039,0,23,1,13320.0,4,3,4
1040,0,19,0,6347.0,2,3,3
1042,1,18,0,2743.0,1,3,4
1043,0,21,1,10880.0,3,3,3
1044,0,3,0,2342.0,1,3,2
1045,0,26,0,17650.0,4,3,3
1046,0,10,0,4025.0,1,3,3
1047,0,16,0,9725.0,2,3,4
1048,0,14,1,11904.0,3,3,3
1049,0,6,0,2177.0,1,3,3
1050,0,30,0,7525.0,3,3,2
1052,1,9,0,4834.0,2,3,3
1053,1,6,1,2042.0,1,3,3
1055,0,1,1,2220.0,1,3,3
1056,0,1,0,1052.0,1,4,3
1060,0,8,0,2821.0,1,3,3
1061,0,29,1,19237.0,5,3,3
1062,0,8,0,4107.0,2,3,3
1066,0,8,0,8396.0,2,3,3
1068,0,5,0,2007.0,1,3,2
1069,0,23,0,19627.0,5,3,3
1070,0,13,0,10686.0,3,3,2
1071,0,18,0,2942.0,1,3,3
1073,0,15,0,8858.0,3,3,2
1074,0,31,0,16756.0,4,3,2
1076,0,18,0,10798.0,3,3,2
1077,1,2,1,2323.0,1,3,3
1079,1,1,0,1416.0,1,3,2
1080,0,19,1,4615.0,2,4,2
1081,1,18,1,2461.0,1,3,3
1082,1,10,0,8722.0,3,3,2
1083,0,6,0,3955.0,1,3,2
1084,0,7,0,9957.0,2,3,3
1085,0,10,0,3376.0,1,3,4
1088,0,20,0,8823.0,3,3,2
1092,0,14,0,10322.0,3,4,3
1094,0,3,0,4621.0,1,3,1
1096,0,23,0,10976.0,3,3,3
1097,0,10,0,3660.0,2,3,3
1098,1,24,0,10482.0,3,3,2
1099,0,9,0,7119.0,3,3,2
1100,1,9,1,9582.0,3,4,3
1101,1,14,0,4508.0,2,4,2
1102,0,4,0,2207.0,1,3,3
1103,0,7,0,7756.0,2,3,3
1105,0,8,1,6694.0,2,3,2
1106,1,7,1,3691.0,1,3,3
1107,1,1,0,2377.0,1,4,3
1108,1,5,1,2313.0,1,4,2
1109,0,23,0,17665.0,4,3,3
1111,1,1,0,2596.0,1,3,2
1113,1,5,1,4728.0,2,3,3
1114,0,4,0,4302.0,2,3,3
1115,0,6,0,2979.0,1,3,2
1116,0,27,0,16885.0,4,4,4
1117,0,15,0,5593.0,2,3,2
1118,0,18,0,10445.0,3,3,3
1119,0,9,1,8740.0,3,3,2
1120,0,11,0,2514.0,1,4,3
1121,0,10,0,7655.0,3,3,3
1124,0,23,0,17465.0,4,3,3
1125,0,10,0,7351.0,3,3,3
1126,0,18,0,10820.0,3,3,3
1127,1,21,0,12169.0,4,3,3
1128,0,21,0,19626.0,5,3,2
1131,0,2,1,2070.0,1,3,2
1132,0,9,0,6782.0,2,3,3
1133,0,18,0,7779.0,2,4,3
1135,0,3,0,2791.0,1,3,4
1136,0,6,0,3201.0,1,3,2
1137,0,5,0,4968.0,2,3,3
1138,0,22,0,13120.0,4,3,2
1140,0,5,0,4033.0,2,3,3
1143,0,8,0,3291.0,1,3,3
1148,0,16,0,4272.0,2,3,1
1150,0,10,1,5056.0,2,3,2
1152,0,7,0,2844.0,1,3,4
1154,0,3,1,2703.0,1,3,2
1156,1,0,0,1904.0,1,3,3
1157,1,6,1,8224.0,2,3,3
1158,0,6,1,4766.0,1,3,3
1160,1,2,0,2610.0,1,3,3
1161,0,9,0,5731.0,2,3,2
1162,0,4,0,2539.0,1,3,2
1163,0,6,0,5714.0,2,4,3
1164,0,6,0,4323.0,1,3,3
1165,1,11,0,7336.0,3,3,2
1166,0,20,0,13499.0,3,3,3
1167,1,22,1,13758.0,4,3,3
1171,0,9,0,5155.0,2,3,3
1172,0,10,0,2258.0,1,3,2
1173,0,6,0,3597.0,1,4,3
1175,1,1,1,2515.0,1,3,3
1177,0,8,0,4420.0,1,4,4
1179,0,10,0,6578.0,2,3,2
1180,0,16,1,4422.0,2,3,2
1182,0,15,0,10274.0,3,3,2
1184,0,14,0,5343.0,2,4,2
1185,0,2,0,2376.0,1,3,2
1188,1,7,0,5346.0,2,3,1
1190,0,1,0,2827.0,1,3,3
1191,0,28,0,19943.0,5,3,3
1192,0,10,0,3131.0,1,3,3
1193,0,1,0,2552.0,1,4,3
1195,0,7,1,4477.0,1,3,3
1196,0,14,0,6474.0,2,3,2
1198,0,2,0,3033.0,1,3,2
1200,1,6,1,2936.0,1,3,3
1201,0,26,0,18606.0,5,3,3
1202,0,6,1,2168.0,1,3,1
1203,1,1,1,2853.0,1,3,2
1204,0,28,0,17048.0,4,4,3
1206,0,6,0,2290.0,1,3,1
1207,0,5,0,3600.0,1,3,3
1210,1,5,0,2107.0,1,3,2
1211,0,8,0,4115.0,2,3,3
1212,0,5,0,4327.0,2,3,3
1215,0,32,0,17856.0,4,4,3
1216,0,6,0,3196.0,1,3,2
1217,0,25,0,19081.0,5,3,3
1218,0,15,1,8966.0,2,3,3
1219,1,1,0,2210.0,1,3,3
1220,0,10,0,4539.0,2,3,3
1221,0,7,0,2741.0,1,3,1
1224,0,10,0,3491.0,2,3,3
1225,0,20,0,4541.0,2,4,3
1226,0,2,0,2678.0,1,3,4
1228,0,12,0,7379.0,2,3,3
1231,0,10,0,6272.0,2,3,4
1233,0,12,1,5220.0,2,3,4
1234,0,2,0,2743.0,1,4,2
1235,0,10,1,4998.0,2,3,3
1237,0,17,1,10252.0,3,4,1
1238,0,15,0,2781.0,1,3,3
1239,0,7,0,6852.0,2,3,2
1240,0,5,0,4950.0,2,3,3
1241,0,12,1,3579.0,1,4,3
1242,0,20,1,13191.0,3,3,3
1243,0,16,1,10377.0,3,3,2
1244,0,9,1,2235.0,1,3,3
1245,0,33,0,10502.0,3,3,3
1246,0,10,0,2011.0,1,3,4
1248,1,1,1,1859.0,1,4,2
1249,0,3,0,3760.0,1,3,3
1250,0,36,0,17779.0,4,3,3
1251,0,6,1,6833.0,2,3,3
1252,0,10,0,6812.0,2,3,2
1254,0,13,0,5171.0,2,3,2
1255,0,25,0,19740.0,5,3,1
1256,0,23,0,18711.0,5,3,2
1257,0,12,0,3692.0,1,3,3
1258,0,7,0,2559.0,1,3,4
1259,0,5,0,2517.0,1,3,3
1260,0,6,1,6623.0,2,3,3
1263,0,25,0,18265.0,5,3,2
1264,0,9,0,16124.0,4,3,2
1265,0,2,0,2585.0,1,3,4
1267,0,26,0,18213.0,5,3,3
1268,0,10,1,8380.0,3,3,4
1269,0,1,1,2994.0,1,3,4
1270,0,1,0,1223.0,1,4,3
1273,1,1,1,1118.0,1,3,1
1275,0,8,1,2875.0,1,4,3
1277,1,26,1,18824.0,5,3,1
1278,0,34,1,13577.0,4,3,2
1279,1,2,0,2625.0,1,4,2
1280,0,26,0,18789.0,5,3,2
1281,0,4,1,4538.0,2,3,3
1282,0,31,1,19847.0,5,4,3
1283,0,25,0,10512.0,3,3,3
1285,0,15,0,4444.0,2,3,3
1286,0,5,1,2154.0,1,3,3
1288,0,26,0,19190.0,5,3,4
1289,0,14,0,4490.0,2,3,2
1291,0,4,1,3506.0,1,3,3
1292,0,18,1,2372.0,2,3,4
1293,0,23,0,10231.0,3,3,2
1294,0,18,1,5410.0,2,3,3
1295,1,10,0,7978.0,3,3,3
1296,0,2,1,3867.0,1,3,2
1297,0,8,0,2838.0,1,3,2
1298,0,10,1,4695.0,2,3,3
1299,1,10,1,3339.0,1,3,3
1301,0,5,0,2080.0,1,3,3
1303,0,2,0,2096.0,1,3,3
1304,0,10,0,6209.0,2,3,4
1306,0,22,0,18061.0,5,4,3
1307,0,21,1,17123.0,4,3,2
1308,0,2,0,2372.0,1,3,3
1309,1,10,0,4883.0,2,3,3
1310,1,6,0,3904.0,1,3,3
1311,0,10,0,4627.0,2,3,2
1312,0,10,0,7094.0,3,3,3
1314,0,10,0,3423.0,1,3,3
1315,0,10,0,6674.0,2,3,1
1317,0,25,1,16880.0,4,3,3
1318,1,9,1,9094.0,3,3,2
1319,1,10,1,8446.0,3,3,3
1321,0,9,1,11916.0,3,4,3
1322,0,9,0,4534.0,2,3,3
1324,0,10,1,9852.0,3,3,3
1329,0,19,0,6151.0,2,3,1
1331,1,3,1,2302.0,1,3,3
1333,1,10,0,2362.0,1,3,3
1334,0,21,1,17861.0,4,3,3
1336,0,23,0,19187.0,5,3,1
1338,0,36,0,19717.0,5,3,3
1340,0,6,0,3544.0,1,3,3
1344,0,10,0,8500.0,3,3,3
1346,0,9,0,4661.0,2,3,3
1349,0,10,0,4103.0,2,3,3
1350,0,9,1,4249.0,2,3,3
1352,0,33,1,14026.0,4,3,3
1355,0,11,0,6893.0,2,3,3
1356,0,10,0,6125.0,2,3,3
1358,0,7,0,3669.0,1,3,3
1360,1,31,1,10008.0,3,3,2
1361,0,7,0,2387.0,1,4,3
1362,0,17,0,4639.0,2,3,4
1363,0,11,0,7898.0,3,3,3
1364,0,5,0,2534.0,1,3,4
1367,0,29,0,13142.0,4,3,2
1368,0,0,0,1611.0,1,3,3
1369,0,10,0,5363.0,2,3,2
1371,0,8,0,5071.0,2,4,1
1372,1,24,1,13695.0,4,3,4
1373,0,33,1,13402.0,4,3,3
1374,0,5,0,2029.0,1,4,2
1375,0,15,0,6377.0,2,4,4
1377,0,10,0,5429.0,2,3,3
1379,1,3,0,2785.0,1,3,2
1380,1,5,1,4614.0,2,3,3
1382,0,4,0,2610.0,1,3,4
1383,0,14,0,6687.0,2,3,3
1387,0,5,0,4724.0,2,3,2
1389,1,10,1,6179.0,2,3,3
1390,0,8,1,6120.0,2,3,2
1391,0,14,0,10596.0,3,3,3
1392,0,12,1,5467.0,2,3,3
1394,0,8,1,2996.0,1,3,3
1395,0,8,0,9998.0,2,3,3
1396,0,4,1,4078.0,2,3,3
1397,0,13,0,10920.0,3,4,3
1399,0,6,0,6232.0,2,3,4
1401,0,24,1,13247.0,4,3,4
1402,0,20,1,4081.0,2,3,2
1403,0,6,1,5769.0,2,3,2
1405,1,8,1,2394.0,1,3,3
1407,0,5,0,3904.0,1,3,2
1408,0,21,0,16799.0,4,3,3
1409,0,12,0,2950.0,1,3,3
1411,0,8,0,3629.0,1,3,3
1412,0,10,0,9362.0,3,3,3
1415,0,7,0,3229.0,1,3,3
1417,0,8,0,3578.0,1,3,4
1419,0,10,0,7988.0,3,3,2
1420,1,20,0,4284.0,2,4,2
1421,1,9,1,7553.0,3,3,3
1422,0,29,0,17328.0,4,3,3
1423,0,32,1,19701.0,5,4,3
1424,0,31,0,14732.0,4,3,4
1425,0,15,1,9278.0,2,3,3
1427,1,1,0,1359.0,1,3,1
1428,0,8,0,4779.0,2,3,3
1430,0,9,0,16422.0,4,3,3
1431,0,10,0,2996.0,1,3,3
1433,1,1,0,1261.0,1,3,2
1434,0,6,0,2099.0,1,3,3
1435,0,10,0,5810.0,2,3,2
1436,0,11,0,5647.0,2,3,2
1438,0,17,0,3420.0,1,3,3
1439,1,6,0,4400.0,1,3,2
1440,0,7,0,3500.0,1,3,4
1441,0,5,0,2066.0,1,4,3
1443,0,26,0,17169.0,4,3,3
1445,0,5,1,4162.0,2,3,3
1446,0,7,0,9204.0,2,3,3
1447,0,7,0,3294.0,1,3,2
1448,0,7,1,2127.0,1,3,4
1449,0,11,0,3975.0,2,3,3
1453,0,13,0,10793.0,3,3,3
1457,1,28,0,10096.0,3,3,3
1458,1,11,1,3646.0,1,4,2
1459,1,10,0,7446.0,3,3,4
1460,0,24,1,10851.0,3,3,1
1461,0,8,0,2109.0,1,3,4
1464,1,7,1,3722.0,1,3,3
1465,0,10,1,9380.0,3,3,3
1466,0,15,0,5486.0,2,3,3
1467,1,2,0,2742.0,1,3,3
1468,0,16,0,13757.0,3,3,2
1469,0,6,0,8463.0,2,3,3
1471,0,7,0,3162.0,1,3,2
1472,0,35,0,16598.0,4,3,4
1473,0,20,0,6651.0,2,3,3
1474,0,8,0,2345.0,1,3,3
1475,0,6,0,3420.0,1,3,3
1477,0,5,0,4373.0,2,3,3
1478,0,15,0,4759.0,2,3,1
1479,0,4,0,5301.0,2,3,3
1480,0,12,0,3673.0,1,3,3
1481,0,11,0,4768.0,2,3,3
1482,0,1,0,1274.0,1,3,3
1483,0,13,0,4900.0,2,4,4
1484,0,29,0,10466.0,3,3,3
1485,0,16,0,17007.0,4,3,3
1486,1,5,0,2909.0,1,3,3
1487,1,7,0,5765.0,2,3,3
1489,1,16,1,4599.0,2,4,2
1492,0,1,0,2404.0,1,3,3
1494,1,4,1,3172.0,1,3,3
1495,0,1,0,2033.0,1,3,3
1496,0,16,1,10209.0,3,3,3
1497,0,10,0,8620.0,2,3,2
1499,0,6,0,2064.0,1,4,3
1501,0,4,1,4035.0,2,3,3
1502,0,8,0,3838.0,1,3,2
1503,0,11,1,4591.0,2,3,3
1504,1,8,0,2561.0,1,3,2
1506,0,1,0,1563.0,1,3,2
1507,0,5,0,4898.0,2,3,3
1509,0,10,0,4789.0,2,4,2
1513,0,4,0,3180.0,1,3,3
1514,0,8,0,6549.0,2,3,1
1515,0,14,1,6388.0,2,3,3
1516,0,10,0,11244.0,3,4,3
1520,0,26,0,16032.0,4,4,3
1522,1,11,0,2362.0,1,3,2
1523,0,24,0,16328.0,4,3,3
1525,0,9,0,8376.0,3,3,3
1527,0,23,0,16606.0,4,3,3
1529,0,11,0,8606.0,3,3,2
1533,0,5,0,2272.0,2,3,3
1534,1,15,0,2018.0,1,3,3
1535,0,10,1,7083.0,3,3,2
1537,1,7,0,4084.0,1,3,3
1539,0,32,1,14411.0,4,3,1
1541,0,12,1,2308.0,1,4,3
1542,0,4,0,4841.0,1,3,2
1543,0,10,0,4285.0,2,3,3
1544,0,9,0,9715.0,2,3,1
1545,0,5,0,4320.0,2,3,2
1546,0,8,0,2132.0,1,4,3
1547,0,24,1,10124.0,3,3,3
1548,0,9,0,5473.0,2,3,3
1549,0,15,1,5207.0,2,3,3
1550,0,21,1,16437.0,4,4,3
1551,0,2,0,2296.0,1,3,2
1552,0,8,1,4069.0,2,3,3
1553,0,10,0,7441.0,3,3,3
1554,0,6,0,2430.0,1,4,2
1555,0,12,0,5878.0,2,3,2
1556,0,7,1,2644.0,1,4,3
1557,0,18,0,6439.0,2,3,3
1558,0,5,0,2451.0,1,3,4
1560,0,8,0,6392.0,2,3,3
1562,1,10,0,9714.0,2,3,2
1563,0,10,0,6077.0,2,3,3
1564,0,3,0,2450.0,1,3,2
1568,0,9,0,9250.0,3,3,3
1569,1,1,1,2074.0,1,3,3
1572,1,34,0,10169.0,3,3,2
1573,1,7,0,4855.0,2,3,3
1574,0,9,0,4087.0,2,3,3
1576,0,10,0,2367.0,1,3,3
1577,0,1,0,2972.0,1,3,3
1578,0,36,0,19586.0,5,4,2
1580,0,9,0,5484.0,2,3,3
1581,0,1,0,2061.0,1,4,3
1582,0,10,0,9924.0,2,3,3
1583,0,8,0,4198.0,2,3,3
1585,0,15,0,6815.0,2,3,3
1586,0,10,1,4723.0,1,3,3
1587,0,10,1,6142.0,2,3,3
1588,0,11,0,8237.0,3,3,4
1590,0,6,0,8853.0,2,3,3
1591,0,27,1,19331.0,5,3,3
1592,0,4,0,2073.0,1,3,4
1594,0,9,1,5562.0,2,3,4
1595,0,24,0,19613.0,5,4,2
1596,0,10,0,3407.0,2,3,4
1597,0,8,0,5063.0,2,3,2
1598,0,5,0,4639.0,2,3,3
1599,0,8,0,4876.0,1,3,4
1601,0,1,0,2690.0,1,3,2
1602,0,27,0,17567.0,4,3,4
1604,1,1,1,2408.0,1,3,3
1605,0,4,1,2814.0,1,3,2
1606,0,32,1,11245.0,4,3,3
1607,0,6,0,3312.0,1,3,4
1608,0,23,1,19049.0,5,3,3
1609,0,6,0,2141.0,1,3,2
1611,0,10,1,5769.0,2,3,1
1612,0,10,0,4385.0,2,3,2
1613,0,10,0,5332.0,2,3,3
1614,0,7,1,4663.0,2,3,3
1615,0,9,0,4724.0,2,3,4
1617,0,10,0,3211.0,1,3,3
1618,0,10,0,5377.0,2,3,3
1619,0,7,0,4066.0,1,3,2
1621,0,16,0,5208.0,2,3,4
1622,0,6,0,4877.0,2,4,1
1623,0,3,0,3117.0,1,3,3
1624,1,0,1,1569.0,1,3,3
1625,0,27,0,19658.0,5,3,3
1627,0,11,0,3069.0,2,3,2
1628,0,18,0,10435.0,3,3,2
1630,0,15,0,4148.0,2,3,3
1631,0,9,0,5768.0,2,3,3
1633,0,10,0,5042.0,2,3,3
1635,0,10,0,5770.0,2,3,2
1638,0,10,1,7756.0,3,3,2
1639,1,15,0,10306.0,3,3,2
1640,0,8,0,3936.0,1,3,3
1641,0,18,1,7945.0,3,3,3
1642,0,14,1,5743.0,2,3,3
1644,0,23,0,15202.0,4,4,2
1645,1,7,1,5440.0,2,3,1
1646,0,6,1,3760.0,1,3,3
1647,0,5,0,3517.0,1,3,4
1648,0,6,0,2580.0,1,3,3
1649,1,10,1,2166.0,1,3,3
1650,0,8,0,5869.0,2,3,2
1651,0,9,0,8008.0,3,3,3
1653,0,7,0,5206.0,2,3,4
1654,0,7,0,5295.0,2,4,3
1655,0,27,0,16413.0,4,3,3
1656,0,19,0,13269.0,3,3,2
1657,0,2,0,2783.0,1,3,3
1658,0,11,0,5433.0,2,3,3
1659,0,15,0,2013.0,1,3,3
1661,0,30,1,13966.0,4,3,2
1662,0,4,0,4374.0,2,3,2
1664,0,13,0,6842.0,2,4,4
1665,0,36,0,17426.0,4,4,3
1666,0,14,0,17603.0,4,4,2
1667,1,13,1,4581.0,2,4,3
1668,0,19,0,4735.0,2,3,3
1669,0,10,1,4187.0,2,3,2
1670,0,6,0,5505.0,2,3,3
1671,0,10,0,5470.0,2,3,3
1673,0,10,0,5476.0,2,3,3
1674,0,17,1,2587.0,1,3,3
1675,0,4,0,2440.0,1,4,2
1676,0,29,0,15972.0,4,3,4
1677,0,23,0,15379.0,4,3,3
1678,0,21,1,7082.0,3,3,3
1680,0,2,0,2728.0,1,3,3
1681,0,7,1,5368.0,2,4,3
1682,0,10,0,5347.0,2,3,3
1683,0,8,1,3195.0,1,3,3
1684,1,5,1,3989.0,1,3,2
1687,0,7,0,3306.0,1,3,3
1689,0,11,0,7005.0,3,3,4
1691,1,19,1,2655.0,1,3,3
1692,1,1,0,1393.0,1,3,3
1693,0,7,0,2570.0,1,4,3
1694,0,8,0,3537.0,1,3,2
1696,0,15,0,3986.0,2,3,2
1697,0,19,0,10883.0,3,4,1
1698,0,14,0,2028.0,1,3,4
1700,0,6,0,9525.0,2,3,1
1701,0,10,0,2929.0,1,3,2
1702,1,3,1,2275.0,1,4,3
1703,0,9,1,7879.0,3,3,4
1704,0,6,1,4930.0,1,3,2
1706,0,10,1,7847.0,2,3,3
1707,0,5,0,4401.0,1,3,4
1708,0,10,0,9241.0,3,3,3
1709,0,9,0,2974.0,1,3,3
1710,0,17,0,4502.0,2,3,3
1712,0,25,0,10748.0,3,4,2
1714,1,1,0,1555.0,1,3,1
1716,1,25,0,12936.0,4,3,1
1718,0,3,0,2305.0,1,3,1
1719,0,21,0,16704.0,4,3,2
1720,0,10,0,3433.0,1,3,3
1721,0,6,0,3477.0,1,3,3
1722,0,10,0,6430.0,2,3,1
1724,0,18,1,6516.0,2,3,3
1725,0,6,0,3907.0,1,3,3
1727,0,19,0,5562.0,2,3,3
1728,0,17,0,6883.0,2,3,3
1729,0,10,0,2862.0,1,3,3
1731,0,4,0,4978.0,2,3,3
1732,0,13,1,10368.0,3,3,3
1733,1,16,1,6134.0,2,3,2
1734,1,10,0,6735.0,2,3,1
1735,0,3,0,3295.0,1,3,3
1736,0,9,0,5238.0,2,4,3
1737,0,9,1,6472.0,2,3,3
1739,0,10,0,9610.0,3,3,1
1740,0,21,0,19833.0,5,3,3
1744,0,9,0,9756.0,3,4,1
1745,0,10,0,4968.0,1,3,2
1746,0,3,0,2145.0,1,3,3
1747,1,6,0,2180.0,1,3,2
1749,0,6,0,8346.0,2,3,3
1751,0,6,0,3445.0,1,3,3
1752,1,2,0,2760.0,1,3,1
1753,0,10,1,6294.0,2,3,4
1754,0,12,0,7140.0,3,3,2
1755,0,6,1,2932.0,1,3,4
1756,0,13,0,5147.0,2,3,3
1757,0,8,0,4507.0,2,3,3
1758,1,11,1,8564.0,3,4,3
1760,0,9,0,2468.0,1,3,2
1761,1,10,0,8161.0,3,3,3
1762,0,1,0,2109.0,1,3,2
1763,0,10,0,5294.0,2,3,4
1764,0,12,0,2718.0,1,3,3
1766,0,15,1,5811.0,2,3,1
1767,1,6,1,2437.0,1,3,2
1768,0,7,0,2766.0,1,4,3
1770,0,34,0,19038.0,5,3,2
1771,0,11,0,3055.0,2,3,3
1772,0,5,0,2289.0,1,4,3
1774,0,15,1,4001.0,2,3,3
1775,0,27,1,12965.0,4,4,2
1778,0,10,0,3539.0,1,3,3
1779,0,6,0,6029.0,2,3,1
1780,1,1,0,2679.0,1,3,3
1782,0,5,0,3702.0,1,3,2
1783,1,1,1,2398.0,1,3,3
1784,0,13,0,5468.0,2,3,2
1786,0,15,0,13116.0,3,3,3
1787,0,5,0,4189.0,2,3,2
1789,0,24,1,19328.0,5,3,3
1790,0,15,1,8321.0,3,3,3
1792,1,6,1,2342.0,1,3,3
1794,0,19,0,4071.0,2,3,3
1797,1,10,1,5813.0,2,3,3
1798,0,14,0,3143.0,1,3,4
1799,0,5,0,2044.0,1,3,3
1800,0,9,0,13464.0,3,4,3
1801,0,6,0,7991.0,2,3,2
1802,0,7,0,3377.0,1,3,3
1803,0,10,0,5538.0,2,3,4
1804,0,15,0,5762.0,2,3,3
1805,0,13,0,2592.0,1,3,3
1807,1,11,0,5346.0,2,3,3
1809,1,10,0,4213.0,2,3,3
1812,0,7,0,4127.0,2,3,3
1813,0,7,0,2438.0,1,3,3
1814,0,11,0,6870.0,2,3,4
1815,0,23,1,10447.0,3,3,3
1816,0,9,0,9667.0,3,3,3
1818,1,6,1,2148.0,1,3,3
1821,1,13,0,8926.0,2,4,3
1822,0,12,0,6513.0,2,3,3
1823,0,10,0,6799.0,2,4,4
1824,0,37,0,16291.0,4,4,3
1826,0,6,0,2705.0,1,3,1
1827,0,28,1,10333.0,3,3,2
1829,0,15,0,4448.0,2,3,3
1830,0,14,0,6854.0,2,3,3
1833,0,9,0,9637.0,3,3,3
1834,0,3,0,3591.0,1,4,3
1835,0,20,1,5405.0,2,4,1
1836,0,5,0,4684.0,2,3,3
1837,0,23,1,15787.0,4,3,3
1839,0,0,0,1514.0,1,3,3
1842,1,2,0,2956.0,1,3,4
1844,1,4,1,2335.0,1,3,2
1845,0,10,0,5154.0,2,4,3
1847,0,15,1,6962.0,2,4,3
1849,0,7,0,5675.0,2,4,3
1850,0,6,1,2379.0,1,3,3
1852,0,11,0,3812.0,1,3,3
1853,0,4,0,4648.0,2,3,3
1854,0,10,0,2936.0,1,4,3
1856,0,7,0,2105.0,1,3,3
1857,0,12,0,8578.0,3,3,3
1858,0,3,0,2706.0,1,3,3
1859,0,11,0,6384.0,2,3,1
1860,0,8,0,3968.0,1,3,3
1862,1,7,1,9907.0,2,3,2
1863,0,25,0,13225.0,4,3,4
1864,0,9,0,3540.0,2,4,2
1865,0,1,0,2804.0,1,3,2
1866,0,21,0,19392.0,5,3,2
1867,0,29,0,19665.0,5,3,2
1868,1,1,1,2439.0,1,4,2
1869,1,14,0,7314.0,3,4,3
1870,0,8,0,4774.0,1,3,2
1871,0,7,0,3902.0,2,3,3
1873,0,19,0,2662.0,1,4,2
1875,0,1,0,2856.0,1,3,3
1876,1,1,0,1081.0,1,3,3
1878,1,1,1,2472.0,1,4,3
1880,0,10,1,5673.0,2,3,2
1881,0,10,0,4197.0,2,3,3
1882,0,9,1,9713.0,3,3,3
1883,0,11,0,2062.0,1,3,3
1885,0,16,1,4284.0,2,4,3
1886,0,4,1,4788.0,2,3,2
1888,0,10,0,5906.0,2,3,2
1890,0,10,0,3886.0,2,4,2
1892,0,22,0,16823.0,4,3,3
1893,0,1,1,2933.0,1,3,2
1898,0,9,0,6500.0,2,3,4
1900,0,24,0,17174.0,4,3,3
1903,0,10,0,5033.0,2,3,4
1905,1,5,1,2307.0,1,4,1
1907,1,5,0,2587.0,1,3,3
1908,0,12,0,5507.0,2,3,2
1909,0,14,0,4393.0,2,4,3
1911,0,18,0,13348.0,3,3,3
1912,0,8,1,6583.0,2,3,3
1915,0,9,1,8103.0,2,3,2
1916,0,4,0,3978.0,1,3,4
1918,0,8,0,2544.0,1,3,4
1922,0,12,0,5399.0,2,3,3
1924,0,10,0,5487.0,2,3,3
1927,0,7,1,6834.0,2,3,2
1928,1,1,0,1091.0,1,3,4
1929,0,10,0,5736.0,2,3,1
1931,0,6,0,2226.0,1,3,3
1932,0,16,1,5747.0,2,3,2
1933,1,6,1,9854.0,2,3,3
1934,0,16,0,5467.0,2,3,3
1935,0,6,0,5380.0,2,3,2
1936,0,10,0,5151.0,2,4,3
1937,0,20,1,2133.0,2,3,2
1938,0,29,1,17875.0,4,3,3
1939,1,8,1,2432.0,1,3,4
1940,0,10,0,4771.0,1,3,3
1941,0,28,0,19161.0,5,3,3
1943,0,14,1,5087.0,2,3,3
1944,1,1,0,2863.0,1,3,2
1945,0,6,0,5561.0,2,3,3
1947,0,5,0,2144.0,1,3,3
1948,0,4,1,3065.0,1,3,3
1949,0,5,0,2810.0,1,4,4
1950,0,14,0,9888.0,3,4,3
1951,0,9,0,8628.0,3,3,3
1952,0,8,0,2867.0,1,3,3
1954,0,6,0,5373.0,2,3,3
1955,0,9,0,6667.0,2,3,3
1956,0,10,0,5003.0,2,4,1
1960,1,6,0,2367.0,1,3,2
1961,0,20,0,2858.0,1,3,2
1962,0,10,1,5204.0,2,3,3
1965,0,7,0,4105.0,2,3,3
1966,0,8,0,9679.0,2,4,2
1967,1,10,1,5617.0,2,3,3
1968,1,15,1,10448.0,3,3,3
1969,0,9,0,2897.0,2,3,3
1970,0,9,0,5968.0,2,4,3
1971,0,10,0,7510.0,3,3,3
1972,0,7,1,2991.0,1,3,3
1973,0,35,1,19636.0,5,3,4
1974,0,1,1,1129.0,1,3,1
1975,0,21,0,13341.0,4,3,3
1976,0,20,0,4332.0,2,3,2
1979,0,13,0,11031.0,3,4,3
1980,0,9,1,4440.0,2,3,3
1981,0,4,0,4617.0,2,3,2
1982,0,5,0,2647.0,1,3,3
1985,0,10,0,6323.0,2,3,3
1986,0,15,0,5677.0,2,3,3
1987,0,6,0,2187.0,1,3,3
1989,0,12,0,3748.0,1,3,3
1992,0,7,1,3977.0,1,3,3
1993,0,25,0,8633.0,3,4,3
1994,0,1,0,2008.0,1,3,2
1995,0,16,0,4440.0,2,3,3
1996,0,3,0,3067.0,1,3,3
1997,0,10,0,5321.0,2,3,2
1998,0,9,1,5410.0,2,3,3
1999,0,12,0,2782.0,1,4,3
2000,0,14,0,11957.0,3,3,3
2003,0,5,1,2660.0,1,3,3
2007,0,4,0,3375.0,1,3,3
2008,0,10,0,5098.0,2,3,3
2009,0,10,1,4878.0,2,3,3
2010,0,6,0,2837.0,1,3,2
2012,0,8,0,2406.0,1,3,3
2013,0,3,0,2269.0,1,3,2
2014,0,18,0,4108.0,2,3,3
2015,0,20,0,13206.0,3,3,1
2016,0,14,0,10422.0,3,3,3
2017,0,16,1,13744.0,3,4,4
2018,0,6,1,4907.0,2,4,3
2019,0,16,0,3482.0,1,3,3
2020,0,6,1,2436.0,1,3,3
2021,0,2,1,2380.0,1,3,3
2022,0,21,0,19431.0,5,3,3
2023,1,1,0,1790.0,1,3,3
2024,0,10,0,7644.0,3,3,2
2025,0,18,0,5131.0,2,3,3
2026,0,13,0,6306.0,2,4,3
2027,1,4,1,4787.0,1,3,3
2031,0,24,0,18880.0,5,3,3
2032,1,14,0,2339.0,1,3,3
2034,0,21,0,13570.0,4,4,2
2035,0,8,0,6712.0,2,4,2
2036,0,15,0,5406.0,2,4,1
2037,0,14,0,8938.0,2,3,2
2038,0,4,0,2439.0,1,3,3
2040,0,9,1,8837.0,3,3,3
2041,0,10,0,5343.0,2,3,3
2044,1,12,0,6728.0,2,3,3
2045,0,8,0,6652.0,2,3,2
2046,0,8,0,4850.0,2,3,3
2048,0,8,0,2809.0,1,3,2
2049,0,10,1,5689.0,2,3,3
2051,0,20,0,2001.0,1,3,3
2052,0,4,0,2977.0,1,3,1
2053,0,10,1,4025.0,2,3,2
2054,0,5,0,3785.0,1,3,2
2055,1,20,1,10854.0,3,3,2
2056,0,21,0,12031.0,4,3,2
2057,0,10,0,9936.0,2,3,3
2060,0,5,0,2966.0,1,3,2
2061,0,17,0,2571.0,2,3,4
2062,0,9,0,9991.0,3,3,2
2064,0,6,1,6142.0,2,4,4
2065,0,17,0,5390.0,2,3,2
2068,0,6,0,4404.0,2,3,4
